year,state,rate,value
1990,Alabama,8.22699005,"42,607"
1990,Arizona,8.285555556,"53,309"
1990,Arkansas,7.642222222,"41,565"
1990,California,8.303448276,"60,726"
1990,Colorado,5.260677083,"56,062"
1990,Connecticut,5.151041667,"70,905"
1990,Delaware,4.383333333,"56,191"
1990,Hawaii,3.6375,"70,998"
1990,Idaho,6.321401515,"46,160"
1990,Illinois,6.575898693,"59,362"
1990,Indiana,6.023731884,"49,121"
1990,Iowa,4.356902357,"49,778"
1990,Kansas,3.441507937,"54,573"
1990,Kentucky,7.274513889,"45,203"
1990,Louisiana,6.1046875,"40,870"
1990,Maine,5.732291667,"50,099"
1990,Maryland,5.723263889,"70,881"
1990,Massachusetts,6.210714286,"66,120"
1990,Michigan,8.860441767,"54,610"
1990,Minnesota,6.088793103,"57,397"
1990,Mississippi,8.838109756,"36,808"
1990,Missouri,6.540362319,"49,858"
1990,Montana,5.305803571,"42,640"
1990,Nebraska,2.002777778,"50,131"
1990,Nevada,5.26127451,"58,415"
1990,New Hampshire,5.676666667,"74,435"
1990,New Jersey,5.103174603,"70,657"
1990,New Mexico,8.228030303,"45,675"
1990,New York,5.420564516,"57,627"
1990,North Carolina,4.932,"48,028"
1990,North Dakota,3.94245283,"46,085"
1990,Ohio,6.707007576,"54,748"
1990,Oklahoma,6.2504329,"44,480"
1990,Oregon,6.734722222,"53,413"
1990,Pennsylvania,6.499751244,"52,910"
1990,Rhode Island,5.985,"58,315"
1990,South Carolina,5.996014493,"52,417"
1990,South Dakota,4.310227273,"44,821"
1990,Tennessee,6.716578947,"41,211"
1990,Texas,5.589468504,"51,492"
1990,Utah,5.883333333,"54,984"
1990,Vermont,5.710714286,"56,728"
1990,Virginia,5.922744361,"63,979"
1990,Washington,7.39508547,"58,577"
1990,West Virginia,10.05106061,"40,381"
1990,Wisconsin,5.255787037,"56,022"
1990,Wyoming,4.926086957,"53,740"
1991,Alabama,9.081840796,"42,852"
1991,Arizona,8.940555556,"54,101"
1991,Arkansas,8.295,"41,248"
1991,California,8.362068966,"59,253"
1991,Colorado,6.050390625,"55,442"
1991,Connecticut,6.591666667,"74,196"
1991,Delaware,5.911111111,"57,353"
1991,Hawaii,4.1375,"65,557"
1991,Idaho,7.314015152,"45,967"
1991,Illinois,7.504084967,"56,120"
1991,Indiana,6.731431159,"47,680"
1991,Iowa,4.707659933,"50,257"
1991,Kansas,3.668015873,"51,563"
1991,Kentucky,8.980694444,"41,827"
1991,Louisiana,8.3996875,"44,529"
1991,Maine,7.988020833,"49,051"
1991,Maryland,7.436805556,"65,040"
1991,Massachusetts,8.692857143,"62,861"
1991,Michigan,10.44829317,"56,530"
1991,Minnesota,6.440996169,"51,886"
1991,Mississippi,10.17794715,"34,278"
1991,Missouri,7.319130435,"49,153"
1991,Montana,6.389285714,"43,698"
1991,Nebraska,2.370698925,"52,010"
1991,Nevada,5.660784314,"57,973"
1991,New Hampshire,7.330833333,"63,421"
1991,New Jersey,6.836507937,"70,491"
1991,New Mexico,8.744949495,"46,714"
1991,New York,7.394892473,"55,961"
1991,North Carolina,6.784333333,"47,264"
1991,North Dakota,4.717295597,"45,573"
1991,Ohio,7.624621212,"52,434"
1991,Oklahoma,7.056168831,"44,816"
1991,Oregon,7.626388889,"53,138"
1991,Pennsylvania,8.21380597,"53,449"
1991,Rhode Island,8.108333333,"54,275"
1991,South Carolina,7.688949275,"48,338"
1991,South Dakota,4.266161616,"43,368"
1991,Tennessee,8.536140351,"43,040"
1991,Texas,6.230764904,"48,813"
1991,Utah,6.486781609,"49,311"
1991,Vermont,7.397619048,"51,316"
1991,Virginia,7.624185464,"63,605"
1991,Washington,8.527136752,"59,791"
1991,West Virginia,12.42727273,"40,741"
1991,Wisconsin,6.659837963,"54,798"
1991,Wyoming,5.026811594,"51,131"
1992,Alabama,9.296890547,"44,323"
1992,Arizona,11.73944444,"50,420"
1992,Arkansas,7.970888889,"41,015"
1992,California,12.03448276,"59,943"
1992,Colorado,7.470963542,"55,788"
1992,Connecticut,7.483333333,"70,141"
1992,Delaware,5.297222222,"61,274"
1992,Hawaii,7.122916667,"72,325"
1992,Idaho,7.527083333,"47,579"
1992,Illinois,7.982352941,"54,186"
1992,Indiana,7.151358696,"48,998"
1992,Iowa,4.536868687,"49,364"
1992,Kansas,3.853888889,"52,117"
1992,Kentucky,8.316875,"40,333"
1992,Louisiana,8.990625,"43,689"
1992,Maine,7.822916667,"50,865"
1992,Maryland,8.220486111,"63,893"
1992,Massachusetts,8.511904762,"62,443"
1992,Michigan,10.67008032,"55,416"
1992,Minnesota,6.486111111,"53,207"
1992,Mississippi,9.41351626,"35,327"
1992,Missouri,7.13557971,"46,990"
1992,Montana,6.266815476,"45,554"
1992,Nebraska,2.578853047,"51,605"
1992,Nevada,7.039705882,"54,799"
1992,New Hampshire,7.203333333,"67,728"
1992,New Jersey,8.48531746,"66,979"
1992,New Mexico,8.971464646,"44,412"
1992,New York,8.166935484,"53,327"
1992,North Carolina,7.175,"47,694"
1992,North Dakota,5.445440252,"46,300"
1992,Ohio,8.562878788,"53,934"
1992,Oklahoma,6.518939394,"43,423"
1992,Oregon,8.51412037,"54,832"
1992,Pennsylvania,8.648383085,"51,320"
1992,Rhode Island,8.505,"52,264"
1992,South Carolina,8.079528986,"47,363"
1992,South Dakota,4.187247475,"45,098"
1992,Tennessee,8.063157895,"41,764"
1992,Texas,7.357986502,"48,007"
1992,Utah,6.72816092,"58,823"
1992,Vermont,6.848214286,"56,254"
1992,Virginia,7.788408521,"65,602"
1992,Washington,9.548290598,"58,220"
1992,West Virginia,12.69893939,"34,814"
1992,Wisconsin,6.307523148,"57,204"
1992,Wyoming,5.504710145,"51,881"
1993,Alabama,9.182462687,"42,017"
1993,Arizona,11.46333333,"51,110"
1993,Arkansas,6.957333333,"38,594"
1993,California,12.01091954,"57,078"
1993,Colorado,6.209244792,"57,773"
1993,Connecticut,6.613541667,"66,196"
1993,Delaware,5.252777778,"60,413"
1993,Hawaii,7.452083333,"71,466"
1993,Idaho,7.3625,"51,947"
1993,Illinois,7.452614379,"55,041"
1993,Indiana,5.831612319,"49,376"
1993,Iowa,4.181902357,"48,016"
1993,Kansas,4.19452381,"49,870"
1993,Kentucky,7.531180556,"40,834"
1993,Louisiana,9.1046875,"44,077"
1993,Maine,7.860416667,"45,963"
1993,Maryland,7.236111111,"66,905"
1993,Massachusetts,7.125,"62,089"
1993,Michigan,9.225903614,"54,715"
1993,Minnesota,6.352969349,"56,423"
1993,Mississippi,7.807215447,"37,174"
1993,Missouri,7.675724638,"48,047"
1993,Montana,5.606994048,"44,342"
1993,Nebraska,2.596146953,"51,944"
1993,Nevada,8.275,"59,995"
1993,New Hampshire,5.976666667,"63,596"
1993,New Jersey,7.748412698,"67,845"
1993,New Mexico,8.007070707,"44,824"
1993,New York,7.328360215,"53,098"
1993,North Carolina,6.094416667,"48,279"
1993,North Dakota,4.782704403,"47,103"
1993,Ohio,7.724905303,"52,408"
1993,Oklahoma,6.349134199,"43,990"
1993,Oregon,8.535185185,"55,512"
1993,Pennsylvania,7.68221393,"51,922"
1993,Rhode Island,7.491666667,"56,133"
1993,South Carolina,8.944202899,"43,643"
1993,South Dakota,4.306565657,"46,464"
1993,Tennessee,7.348333333,"42,050"
1993,Texas,7.163845144,"48,123"
1993,Utah,5.735344828,"59,948"
1993,Vermont,5.944047619,"52,039"
1993,Virginia,6.461152882,"61,032"
1993,Washington,9.622863248,"59,728"
1993,West Virginia,12.00530303,"37,559"
1993,Wisconsin,5.895717593,"53,214"
1993,Wyoming,5.225,"49,320"
1994,Alabama,7.622139303,"44,626"
1994,Arizona,11.44888889,"51,349"
1994,Arkansas,6.176777778,"41,950"
1994,California,10.85761494,"57,975"
1994,Colorado,4.942708333,"62,081"
1994,Connecticut,5.552083333,"67,436"
1994,Delaware,5,"58,864"
1994,Hawaii,8.364583333,"69,337"
1994,Idaho,6.484848485,"51,748"
1994,Illinois,5.968300654,"57,565"
1994,Indiana,5.279076087,"45,712"
1994,Iowa,3.767760943,"54,280"
1994,Kansas,4.205079365,"46,474"
1994,Kentucky,6.515277778,"43,640"
1994,Louisiana,8.303125,"42,132"
1994,Maine,7.694791667,"49,746"
1994,Maryland,6.230902778,"64,320"
1994,Massachusetts,6.20952381,"66,457"
1994,Michigan,8.511345382,"57,898"
1994,Minnesota,5.436590038,"55,207"
1994,Mississippi,7.610670732,"41,679"
1994,Missouri,6.005942029,"49,539"
1994,Montana,5.26875,"45,340"
1994,Nebraska,2.626433692,"52,171"
1994,Nevada,8.014705882,"58,861"
1994,New Hampshire,4.489166667,"57,834"
1994,New Jersey,7.006746032,"69,378"
1994,New Mexico,8.019444444,"44,149"
1994,New York,6.831048387,"52,343"
1994,North Carolina,5.473083333,"49,414"
1994,North Dakota,3.94418239,"46,402"
1994,Ohio,6.427746212,"52,271"
1994,Oklahoma,6.043073593,"44,290"
1994,Oregon,6.890046296,"51,616"
1994,Pennsylvania,7.05920398,"52,617"
1994,Rhode Island,6.521666667,"52,391"
1994,South Carolina,7.927898551,"48,975"
1994,South Dakota,4.240656566,"48,789"
1994,Tennessee,6.183070175,"46,994"
1994,Texas,6.448031496,"50,466"
1994,Utah,5.849137931,"58,607"
1994,Vermont,5.326785714,"58,748"
1994,Virginia,6.043922306,"61,775"
1994,Washington,8.823717949,"55,025"
1994,West Virginia,10.38257576,"38,666"
1994,Wisconsin,5.578819444,"58,068"
1994,Wyoming,4.858695652,"54,380"
1995,Alabama,7.607089552,"41,646"
1995,Arizona,10.65111111,"49,452"
1995,Arkansas,5.672,"41,362"
1995,California,10.60933908,"59,300"
1995,Colorado,4.819921875,"65,224"
1995,Connecticut,5.430208333,"64,482"
1995,Delaware,4.463888889,"55,965"
1995,Hawaii,8.408333333,"68,661"
1995,Idaho,6.370075758,"52,357"
1995,Illinois,5.320343137,"61,001"
1995,Indiana,5.019293478,"53,493"
1995,Iowa,3.770959596,"56,912"
1995,Kansas,3.958492063,"48,616"
1995,Kentucky,6.683402778,"47,765"
1995,Maine,6.692708333,"54,251"
1995,Maryland,6.054513889,"65,760"
1995,Massachusetts,5.405357143,"61,807"
1995,Michigan,7.76124498,"58,366"
1995,Minnesota,5.15862069,"60,780"
1995,Mississippi,7.606808943,"42,522"
1995,Missouri,5.674710145,"55,800"
1995,Montana,5.822470238,"44,475"
1995,Nebraska,2.780107527,"52,762"
1995,Nevada,6.840686275,"57,818"
1995,New Hampshire,3.864166667,"62,764"
1995,New Jersey,6.58452381,"70,380"
1995,New Mexico,8.301010101,"41,646"
1995,New York,6.313844086,"52,921"
1995,North Carolina,5.494166667,"51,240"
1995,North Dakota,3.532389937,"46,610"
1995,Ohio,5.860700758,"55,986"
1995,Oklahoma,5.199458874,"42,158"
1995,Oregon,6.550231481,"58,282"
1995,Pennsylvania,6.58221393,"55,318"
1995,Rhode Island,5.816666667,"56,656"
1995,South Carolina,6.837862319,"46,581"
1995,South Dakota,3.976767677,"47,393"
1995,Tennessee,6.766491228,"46,491"
1995,Texas,5.954396325,"51,336"
1995,Utah,5.596551724,"58,452"
1995,Vermont,5.079166667,"54,196"
1995,Virginia,5.739348371,"58,039"
1995,Washington,8.533119658,"56,991"
1995,West Virginia,9.678787879,"39,865"
1995,Wisconsin,4.796875,"65,623"
1995,Wyoming,4.760869565,"50,519"
1996,Alabama,7.235199005,"47,294"
1996,Arizona,11.64777778,"49,377"
1996,Arkansas,6.428111111,"42,332"
1996,California,9.926436782,"60,576"
1996,Colorado,5.227734375,"63,912"
1996,Connecticut,5.460416667,"65,737"
1996,Delaware,4.966666667,"61,351"
1996,Hawaii,8.552083333,"65,195"
1996,Idaho,6.406818182,"54,172"
1996,Illinois,5.756617647,"61,734"
1996,Indiana,4.566757246,"54,855"
1996,Iowa,3.806228956,"51,831"
1996,Kansas,3.924365079,"50,857"
1996,Kentucky,6.834166667,"50,588"
1996,Louisiana,7.34375,"47,231"
1996,Maine,5.9578125,"54,152"
1996,Maryland,6.265972222,"68,662"
1996,Massachusetts,4.635119048,"61,640"
1996,Michigan,6.846184739,"61,220"
1996,Minnesota,5.553927203,"63,976"
1996,Mississippi,7.653760163,"41,636"
1996,Missouri,5.850724638,"53,479"
1996,Montana,5.462202381,"44,768"
1996,Nebraska,2.89202509,"53,087"
1996,Nevada,6.459803922,"60,151"
1996,New Hampshire,3.883333333,"61,504"
1996,New Jersey,6.387301587,"74,085"
1996,New Mexico,8.960606061,"39,153"
1996,New York,5.904166667,"55,266"
1996,North Carolina,5.514416667,"55,564"
1996,North Dakota,3.417295597,"49,117"
1996,Ohio,6.321875,"53,175"
1996,Oklahoma,4.785822511,"42,822"
1996,Oregon,7.683564815,"55,394"
1996,Pennsylvania,6.363557214,"54,468"
1996,Rhode Island,4.99,"57,726"
1996,South Carolina,7.55615942,"54,103"
1996,South Dakota,4.151388889,"46,083"
1996,Tennessee,7.184035088,"48,055"
1996,Texas,5.878641732,"51,617"
1996,Utah,5.160057471,"57,807"
1996,Vermont,5.191071429,"50,503"
1996,Virginia,5.789473684,"61,198"
1996,Washington,8.319444444,"57,242"
1996,West Virginia,9.083636364,"39,404"
1996,Wisconsin,4.567592593,"62,431"
1996,Wyoming,4.791304348,"48,310"
1997,Alabama,6.917537313,"48,794"
1997,Arizona,9.984444444,"50,018"
1997,Arkansas,6.316333333,"39,968"
1997,California,9.160632184,"60,641"
1997,Colorado,4.522005208,"66,048"
1997,Connecticut,5.002083333,"67,197"
1997,Delaware,4.072222222,"65,742"
1997,Hawaii,8.31875,"62,536"
1997,Idaho,6.325189394,"51,032"
1997,Illinois,5.01495098,"63,069"
1997,Indiana,3.997373188,"59,411"
1997,Iowa,3.326683502,"51,611"
1997,Kansas,3.622380952,"55,717"
1997,Kentucky,6.692777778,"51,105"
1997,Louisiana,7.48125,"50,812"
1997,Maine,5.946354167,"50,066"
1997,Maryland,6.094444444,"71,322"
1997,Massachusetts,4.167857143,"64,199"
1997,Michigan,5.959939759,"59,187"
1997,Minnesota,4.717145594,"65,026"
1997,Mississippi,7.117784553,"43,538"
1997,Missouri,5.285,"55,843"
1997,Montana,5.430803571,"44,628"
1997,Nebraska,2.547311828,"53,000"
1997,Nevada,5.571078431,"59,358"
1997,New Hampshire,3.430833333,"62,633"
1997,New Jersey,5.491666667,"73,363"
1997,New Mexico,7.880555556,"45,963"
1997,New York,5.922983871,"54,689"
1997,North Carolina,4.820333333,"54,753"
1997,North Dakota,3.091823899,"48,369"
1997,Ohio,5.895265152,"55,203"
1997,Oklahoma,4.797402597,"47,896"
1997,Oregon,7.691898148,"56,903"
1997,Pennsylvania,6.056840796,"57,315"
1997,Rhode Island,4.725,"53,160"
1997,South Carolina,6.07807971,"52,343"
1997,South Dakota,3.894318182,"45,364"
1997,Tennessee,7.355263158,"46,803"
1997,Texas,5.730708661,"53,585"
1997,Utah,4.64683908,"65,348"
1997,Vermont,4.649404762,"53,551"
1997,Virginia,4.961904762,"65,626"
1997,Washington,6.957478632,"68,078"
1997,West Virginia,8.241818182,"41,994"
1997,Wisconsin,4.537152778,"60,490"
1997,Wyoming,4.660869565,"51,061"
1998,Alabama,6.167039801,"54,664"
1998,Arizona,9.546666667,"55,906"
1998,Arkansas,6.299666667,"41,700"
1998,California,8.768965517,"61,700"
1998,Colorado,4.749088542,"70,239"
1998,Connecticut,3.45,"70,102"
1998,Delaware,3.830555556,"62,490"
1998,Hawaii,7.725,"61,539"
1998,Idaho,6.315530303,"55,288"
1998,Illinois,4.644771242,"65,082"
1998,Indiana,3.457246377,"59,887"
1998,Iowa,3.010606061,"55,799"
1998,Kansas,3.356746032,"55,335"
1998,Kentucky,5.914722222,"54,643"
1998,Maine,5.328645833,"53,720"
1998,Maryland,5.363194444,"75,389"
1998,Massachusetts,3.517857143,"63,827"
1998,Michigan,5.211546185,"63,037"
1998,Minnesota,3.99032567,"72,239"
1998,Mississippi,6.726422764,"43,893"
1998,Missouri,4.875,"60,595"
1998,Montana,5.947470238,"47,596"
1998,Nebraska,2.681451613,"54,886"
1998,Nevada,5.838235294,"59,924"
1998,New Hampshire,2.785,"67,766"
1998,New Jersey,4.908730159,"75,103"
1998,New Mexico,7.374242424,"47,545"
1998,New York,5.440994624,"56,364"
1998,North Carolina,4.545583333,"54,019"
1998,North Dakota,3.520597484,"45,677"
1998,Ohio,5.582007576,"58,672"
1998,Oklahoma,5.184415584,"50,837"
1998,Oregon,7.70625,"58,886"
1998,Pennsylvania,5.388059701,"58,808"
1998,Rhode Island,4.168333333,"61,326"
1998,South Carolina,5.275,"50,144"
1998,South Dakota,3.774494949,"49,419"
1998,Tennessee,6.011491228,"51,386"
1998,Texas,5.607086614,"53,936"
1998,Utah,5.015517241,"66,772"
1998,Vermont,4.050595238,"59,346"
1998,Virginia,3.901253133,"65,348"
1998,Washington,6.996581197,"71,478"
1998,West Virginia,8.139848485,"40,251"
1998,Wisconsin,4.29525463,"62,292"
1998,Wyoming,4.723913043,"53,133"
1999,Alabama,6.621641791,"53,502"
1999,Arizona,9.251666667,"54,600"
1999,Arkansas,5.624666667,"43,807"
1999,California,7.499281609,"64,391"
1999,Colorado,4.097395833,"71,103"
1999,Connecticut,2.786458333,"74,669"
1999,Delaware,3.675,"68,817"
1999,Hawaii,6.508333333,"65,683"
1999,Idaho,6.127462121,"52,836"
1999,Illinois,4.559640523,"68,377"
1999,Indiana,3.385416667,"60,272"
1999,Iowa,2.801936027,"60,656"
1999,Kansas,3.043492063,"55,121"
1999,Kentucky,5.803819444,"49,793"
1999,Louisiana,6.728125,"48,193"
1999,Maine,4.802604167,"57,356"
1999,Maryland,4.310763889,"77,048"
1999,Massachusetts,3.325595238,"64,946"
1999,Michigan,4.964457831,"68,022"
1999,Minnesota,4.050574713,"69,422"
1999,Mississippi,6.864329268,"47,934"
1999,Missouri,3.832318841,"61,076"
1999,Montana,5.759672619,"45,808"
1999,Nebraska,2.924193548,"57,007"
1999,Nevada,5.364215686,"61,191"
1999,New Hampshire,2.679166667,"67,972"
1999,New Jersey,4.76031746,"73,401"
1999,New Mexico,6.756565657,"48,075"
1999,New York,5.320430108,"59,019"
1999,North Carolina,4.237416667,"54,982"
1999,North Dakota,4.032075472,"48,207"
1999,Ohio,5.570170455,"58,281"
1999,Oklahoma,4.220670996,"48,236"
1999,Oregon,7.030324074,"59,949"
1999,Pennsylvania,5.031716418,"55,726"
1999,Rhode Island,3.705,"63,048"
1999,South Carolina,5.979891304,"53,813"
1999,South Dakota,3.825126263,"52,878"
1999,Tennessee,5.411491228,"53,902"
1999,Texas,5.510958005,"57,099"
1999,Utah,4.926724138,"67,964"
1999,Vermont,3.59047619,"61,373"
1999,Virginia,3.634837093,"67,437"
1999,Washington,6.872863248,"67,113"
1999,West Virginia,8.027878788,"43,239"
1999,Wisconsin,3.907638889,"67,399"
1999,Wyoming,4.668115942,"54,974"
2000,Alabama,5.503482587,"50,566"
2000,Arizona,6.050555556,"56,788"
2000,Arkansas,4.835555556,"42,391"
2000,California,6.270833333,"66,827"
2000,Colorado,3.298828125,"68,860"
2000,Connecticut,2.308333333,"71,618"
2000,Delaware,3.847222222,"71,893"
2000,Hawaii,4.472916667,"73,579"
2000,Idaho,5.622727273,"53,688"
2000,Illinois,4.55996732,"65,754"
2000,Indiana,3.327173913,"58,332"
2000,Iowa,2.794276094,"58,512"
2000,Kansas,3.30968254,"58,609"
2000,Kentucky,4.942291667,"51,766"
2000,Louisiana,6.078125,"43,848"
2000,Maine,3.859895833,"53,195"
2000,Maryland,3.924305556,"77,846"
2000,Massachusetts,2.733333333,"66,737"
2000,Michigan,4.740963855,"64,966"
2000,Minnesota,3.995881226,"77,440"
2000,Mississippi,6.293902439,"48,960"
2000,Missouri,3.976521739,"64,373"
2000,Montana,5.273511905,"46,787"
2000,Nebraska,2.875985663,"59,596"
2000,Nevada,4.751470588,"65,317"
2000,New Hampshire,2.679166667,"72,694"
2000,New Jersey,3.802380952,"71,950"
2000,New Mexico,5.706565657,"50,093"
2000,New York,4.273521505,"58,160"
2000,North Carolina,4.328416667,"54,695"
2000,North Dakota,3.450943396,"51,382"
2000,Ohio,4.65625,"61,326"
2000,Oklahoma,3.275324675,"46,295"
2000,Oregon,6.21712963,"60,665"
2000,Pennsylvania,4.466044776,"60,204"
2000,Rhode Island,3.778333333,"60,234"
2000,South Carolina,4.526992754,"53,629"
2000,South Dakota,3.115909091,"52,066"
2000,Tennessee,4.601491228,"48,670"
2000,Texas,4.696751969,"55,112"
2000,Utah,4.181034483,"67,875"
2000,Vermont,3.105952381,"56,518"
2000,Virginia,2.845802005,"67,322"
2000,Washington,6.739957265,"60,702"
2000,West Virginia,6.182727273,"41,982"
2000,Wisconsin,3.986805556,"64,360"
2000,Wyoming,3.945289855,"56,568"
2001,Alabama,6.250995025,"48,800"
2001,Arizona,6.796666667,"59,270"
2001,Arkansas,5.652444444,"46,272"
2001,California,6.62183908,"65,596"
2001,Colorado,3.904557292,"68,559"
2001,Connecticut,2.976041667,"74,042"
2001,Delaware,3.566666667,"68,844"
2001,Hawaii,4.8,"65,842"
2001,Idaho,5.94375,"53,076"
2001,Illinois,5.200081699,"64,082"
2001,Indiana,4.491666667,"56,043"
2001,Iowa,3.489814815,"56,872"
2001,Kansas,3.876349206,"57,481"
2001,Kentucky,5.919097222,"53,348"
2001,Maine,4.3265625,"50,815"
2001,Maryland,4.331944444,"74,296"
2001,Massachusetts,3.5375,"72,523"
2001,Michigan,6.391164659,"62,522"
2001,Minnesota,4.388984674,"73,117"
2001,Mississippi,6.676422764,"41,861"
2001,Missouri,5.054130435,"57,376"
2001,Montana,4.727083333,"44,589"
2001,Nebraska,3.021236559,"60,529"
2001,Nevada,5.489215686,"63,016"
2001,New Hampshire,3.345833333,"71,244"
2001,New Jersey,4.319047619,"71,854"
2001,New Mexico,5.627020202,"45,974"
2001,New York,4.538844086,"58,451"
2001,North Carolina,6.26525,"52,966"
2001,North Dakota,3.382389937,"49,678"
2001,Ohio,4.842234848,"57,995"
2001,Oklahoma,3.783116883,"49,423"
2001,Oregon,7.483796296,"57,284"
2001,Pennsylvania,5.386069652,"60,373"
2001,Rhode Island,4.08,"63,460"
2001,South Carolina,6.34692029,"52,375"
2001,South Dakota,3.672979798,"55,060"
2001,Tennessee,5.569210526,"49,664"
2001,Texas,4.978310666,"56,711"
2001,Utah,5.04454023,"65,707"
2001,Vermont,3.592261905,"56,619"
2001,Virginia,3.81735589,"69,731"
2001,Washington,7.936752137,"58,973"
2001,West Virginia,5.566969697,"41,184"
2001,Wisconsin,4.984259259,"62,937"
2001,Wyoming,3.877173913,"55,127"
2002,Alabama,7.025497512,"51,380"
2002,Arizona,7.803333333,"54,292"
2002,Arkansas,6.195,"44,253"
2002,California,7.603448276,"64,817"
2002,Colorado,5.017447917,"65,988"
2002,Connecticut,4.145833333,"72,947"
2002,Delaware,3.944444444,"67,841"
2002,Hawaii,4.3875,"64,634"
2002,Idaho,6.258333333,"51,533"
2002,Illinois,5.895833333,"58,358"
2002,Indiana,5.316123188,"56,086"
2002,Iowa,4.095286195,"56,089"
2002,Kansas,4.231111111,"58,234"
2002,Kentucky,6.3175,"50,231"
2002,Maine,4.860416667,"50,356"
2002,Maryland,4.621527778,"77,074"
2002,Massachusetts,4.780357143,"68,121"
2002,Michigan,7.255421687,"58,365"
2002,Minnesota,4.835440613,"74,635"
2002,Mississippi,7.811788618,"42,197"
2002,Missouri,5.647463768,"58,449"
2002,Montana,4.711011905,"47,598"
2002,Nebraska,3.358781362,"58,476"
2002,Nevada,5.342647059,"61,430"
2002,New Hampshire,4.17,"75,590"
2002,New Jersey,5.779365079,"74,561"
2002,New Mexico,5.95959596,"48,448"
2002,New York,5.463844086,"57,342"
2002,North Carolina,7.2,"49,894"
2002,North Dakota,4.169339623,"49,463"
2002,Ohio,6.209753788,"58,323"
2002,Oklahoma,4.749675325,"49,816"
2002,Oregon,7.991203704,"57,118"
2002,Pennsylvania,6.052238806,"58,069"
2002,Rhode Island,4.551666667,"57,958"
2002,South Carolina,6.902355072,"51,666"
2002,South Dakota,3.659974747,"51,749"
2002,Tennessee,6.179736842,"50,597"
2002,Texas,6.104232283,"54,859"
2002,Utah,6.115804598,"65,397"
2002,Vermont,4.325,"58,753"
2002,Virginia,4.880263158,"67,815"
2002,Washington,8.436111111,"61,738"
2002,West Virginia,6.598030303,"40,116"
2002,Wisconsin,5.747222222,"62,721"
2002,Wyoming,4.156884058,"54,332"
2003,Alabama,7.075248756,"49,774"
2003,Arizona,7.597222222,"55,000"
2003,Arkansas,6.736,"42,756"
2003,California,7.929310345,"65,867"
2003,Colorado,5.551432292,"66,722"
2003,Connecticut,5.2,"73,436"
2003,Delaware,4.147222222,"65,492"
2003,Hawaii,4.2625,"69,253"
2003,Idaho,6.384090909,"56,611"
2003,Illinois,6.604820261,"60,327"
2003,Indiana,5.483967391,"56,682"
2003,Iowa,4.65959596,"55,291"
2003,Kansas,4.432619048,"59,096"
2003,Kentucky,6.87375,"49,348"
2003,Louisiana,8.4484375,"44,767"
2003,Maine,5.572395833,"49,585"
2003,Maryland,4.713194444,"69,894"
2003,Massachusetts,5.27202381,"68,078"
2003,Michigan,8.017871486,"60,152"
2003,Minnesota,5.287739464,"70,574"
2003,Mississippi,7.506199187,"43,726"
2003,Missouri,5.870869565,"58,468"
2003,Montana,4.973511905,"45,570"
2003,Nebraska,3.606810036,"58,751"
2003,Nevada,4.976960784,"60,368"
2003,New Hampshire,3.996666667,"74,240"
2003,New Jersey,5.876587302,"74,879"
2003,New Mexico,6.416414141,"46,902"
2003,New York,5.688978495,"57,167"
2003,North Carolina,6.808166667,"49,807"
2003,North Dakota,4.15172956,"53,990"
2003,Ohio,6.814962121,"58,145"
2003,Oklahoma,5.520454545,"47,967"
2003,Oregon,8.618981481,"55,630"
2003,Pennsylvania,6.066666667,"57,361"
2003,Rhode Island,4.84,"59,736"
2003,South Carolina,8.259057971,"51,410"
2003,South Dakota,4.003661616,"52,803"
2003,Tennessee,6.723596491,"50,133"
2003,Texas,6.343044619,"52,468"
2003,Utah,6.163505747,"65,834"
2003,Vermont,4.582738095,"57,799"
2003,Virginia,4.830451128,"73,193"
2003,Washington,8.482051282,"63,473"
2003,West Virginia,6.754545455,"43,773"
2003,Wisconsin,6.042476852,"61,818"
2003,Wyoming,4.342753623,"56,855"
2004,Alabama,6.665920398,"47,651"
2004,Arizona,7.001666667,"57,039"
2004,Arkansas,6.534,"45,511"
2004,California,7.529166667,"64,033"
2004,Colorado,5.200911458,"66,198"
2004,Connecticut,4.8125,"71,680"
2004,Delaware,3.797222222,"62,507"
2004,Hawaii,3.535416667,"73,165"
2004,Idaho,5.742045455,"57,705"
2004,Illinois,6.075408497,"59,942"
2004,Indiana,5.561413043,"55,066"
2004,Iowa,4.570117845,"56,447"
2004,Kansas,4.708888889,"53,423"
2004,Kentucky,6.080208333,"46,325"
2004,Louisiana,6.918229167,"47,391"
2004,Maine,5.203125,"53,765"
2004,Maryland,4.480208333,"74,285"
2004,Massachusetts,4.882142857,"67,672"
2004,Michigan,7.838253012,"54,971"
2004,Minnesota,5.146455939,"72,986"
2004,Mississippi,7.282215447,"45,213"
2004,Missouri,5.917028986,"54,816"
2004,Montana,5.038095238,"44,173"
2004,Nebraska,3.536290323,"56,961"
2004,Nevada,4.407352941,"61,408"
2004,New Hampshire,3.556666667,"73,911"
2004,New Jersey,4.905555556,"71,907"
2004,New Mexico,6.074494949,"51,466"
2004,New York,5.508467742,"58,084"
2004,North Carolina,5.89975,"52,346"
2004,North Dakota,3.961792453,"51,021"
2004,Ohio,6.907481061,"56,010"
2004,Oklahoma,5.046103896,"51,534"
2004,Oregon,7.961574074,"53,329"
2004,Pennsylvania,5.774004975,"57,378"
2004,Rhode Island,4.746666667,"62,359"
2004,South Carolina,8.043297101,"50,333"
2004,South Dakota,4.219949495,"53,476"
2004,Tennessee,6.210789474,"49,528"
2004,Texas,5.972637795,"53,853"
2004,Utah,5.549137931,"66,178"
2004,Vermont,3.913095238,"61,570"
2004,Virginia,4.518483709,"66,529"
2004,Washington,7.30982906,"64,944"
2004,West Virginia,5.846666667,"43,415"
2004,Wisconsin,5.398842593,"59,493"
2004,Wyoming,3.864492754,"59,057"
2005,Alabama,5.183830846,"46,745"
2005,Arizona,6.599444444,"56,931"
2005,Arkansas,6.088777778,"46,126"
2005,California,6.818821839,"65,122"
2005,Colorado,4.924739583,"63,479"
2005,Connecticut,4.759375,"71,514"
2005,Delaware,3.933333333,"64,468"
2005,Hawaii,2.941666667,"74,976"
2005,Idaho,4.6875,"55,586"
2005,Illinois,5.441748366,"60,898"
2005,Indiana,5.705706522,"53,398"
2005,Iowa,4.4246633,"58,510"
2005,Kansas,4.377539683,"52,882"
2005,Kentucky,6.572638889,"46,178"
2005,Louisiana,7.6265625,"46,853"
2005,Maine,5.5515625,"55,267"
2005,Maryland,4.362152778,"76,141"
2005,Massachusetts,4.678571429,"70,485"
2005,Michigan,7.583232932,"57,796"
2005,Minnesota,4.613122605,"68,218"
2005,Mississippi,8.192378049,"41,366"
2005,Missouri,5.493913043,"54,088"
2005,Montana,4.686458333,"46,950"
2005,Nebraska,3.46155914,"60,300"
2005,Nevada,4.369117647,"60,660"
2005,New Hampshire,3.4025,"71,702"
2005,New Jersey,4.579761905,"79,735"
2005,New Mexico,5.596969697,"49,006"
2005,New York,4.943010753,"59,361"
2005,North Carolina,5.68975,"52,918"
2005,North Dakota,3.952044025,"53,089"
2005,Ohio,6.488825758,"55,620"
2005,Oklahoma,4.598376623,"47,368"
2005,Oregon,6.889814815,"55,564"
2005,Pennsylvania,5.277736318,"58,258"
2005,Rhode Island,4.661666667,"62,265"
2005,South Carolina,7.955253623,"50,621"
2005,South Dakota,4.479040404,"54,296"
2005,Tennessee,6.606666667,"49,584"
2005,Utah,4.637643678,"68,970"
2005,Vermont,3.726785714,"63,800"
2005,Virginia,4.290827068,"65,322"
2005,Washington,6.684188034,"63,727"
2005,West Virginia,5.656818182,"45,858"
2005,Wisconsin,5.156828704,"56,182"
2005,Wyoming,3.711594203,"56,268"
2006,Alabama,4.774378109,"46,255"
2006,Arizona,5.985,"56,864"
2006,Arkansas,5.891,"45,164"
2006,California,6.282614943,"67,421"
2006,Colorado,4.21796875,"67,882"
2006,Connecticut,4.258333333,"76,056"
2006,Delaware,3.430555556,"63,910"
2006,Hawaii,2.679166667,"73,699"
2006,Idaho,4.10719697,"56,323"
2006,Illinois,4.713643791,"59,319"
2006,Indiana,5.224094203,"55,341"
2006,Iowa,3.833670034,"58,655"
2006,Kansas,3.819920635,"55,517"
2006,Kentucky,6.387777778,"48,123"
2006,Maine,5.194270833,"55,627"
2006,Maryland,4.135069444,"77,597"
2006,Massachusetts,4.738095238,"67,435"
2006,Michigan,7.984337349,"59,290"
2006,Minnesota,4.576628352,"68,508"
2006,Mississippi,7.188313008,"42,332"
2006,Missouri,4.984057971,"54,332"
2006,Montana,3.768303571,"50,098"
2006,Nebraska,2.931810036,"58,678"
2006,Nevada,4.439215686,"63,720"
2006,New Hampshire,3.335833333,"75,527"
2006,New Jersey,4.842063492,"82,948"
2006,New Mexico,4.524747475,"48,785"
2006,New York,4.650403226,"58,772"
2006,North Carolina,5.181666667,"48,503"
2006,North Dakota,3.843710692,"50,027"
2006,Ohio,5.825378788,"55,942"
2006,Oklahoma,4.060497835,"47,335"
2006,Oregon,5.988425926,"57,393"
2006,Pennsylvania,4.851492537,"59,082"
2006,Rhode Island,4.573333333,"65,492"
2006,South Carolina,7.753804348,"48,284"
2006,South Dakota,3.731060606,"55,365"
2006,Tennessee,6.139824561,"49,595"
2006,Texas,4.974475066,"52,781"
2006,Utah,3.445977011,"66,579"
2006,Vermont,3.925,"63,353"
2006,Virginia,3.743107769,"69,615"
2006,Washington,6.336538462,"66,695"
2006,West Virginia,5.465454545,"46,824"
2006,Wisconsin,5.215625,"63,001"
2006,Wyoming,3.276086957,"57,332"
2007,Alabama,4.898258706,"50,028"
2007,Arizona,5.42,"55,957"
2007,Arkansas,6.049111111,"48,349"
2007,California,6.798563218,"66,054"
2007,Colorado,3.580208333,"72,462"
2007,Connecticut,4.383333333,"76,017"
2007,Delaware,3.4,"64,697"
2007,Hawaii,2.960416667,"75,876"
2007,Idaho,3.43844697,"58,291"
2007,Illinois,5.171977124,"62,228"
2007,Indiana,4.707427536,"56,239"
2007,Iowa,3.8496633,"57,964"
2007,Kansas,3.803888889,"57,477"
2007,Kentucky,6.137222222,"46,757"
2007,Maine,5.347395833,"56,762"
2007,Maryland,3.801041667,"77,782"
2007,Massachusetts,4.501190476,"69,288"
2007,Michigan,8.06746988,"58,511"
2007,Minnesota,5.171168582,"68,808"
2007,Mississippi,7.146747967,"44,182"
2007,Missouri,5.332898551,"54,523"
2007,Montana,3.853422619,"51,738"
2007,Nebraska,2.870609319,"58,279"
2007,Nevada,4.526470588,"64,067"
2007,New Hampshire,3.506666667,"80,088"
2007,New Jersey,4.448412698,"71,712"
2007,New Mexico,4.051010101,"52,569"
2007,New York,4.709274194,"58,007"
2007,North Carolina,5.149416667,"51,570"
2007,North Dakota,3.721540881,"55,946"
2007,Ohio,5.953977273,"58,190"
2007,Oklahoma,4.117640693,"51,218"
2007,Oregon,5.703009259,"59,538"
2007,Pennsylvania,4.720273632,"57,406"
2007,Rhode Island,4.783333333,"64,248"
2007,South Carolina,7.010688406,"52,400"
2007,South Dakota,3.464267677,"55,013"
2007,Tennessee,5.495964912,"48,823"
2007,Texas,4.090255906,"54,580"
2007,Utah,2.994252874,"63,440"
2007,Vermont,4.370238095,"56,165"
2007,Virginia,3.715037594,"70,115"
2007,Washington,6.116239316,"68,834"
2007,West Virginia,5.142272727,"49,885"
2007,Wisconsin,5.393287037,"60,771"
2007,Wyoming,2.940217391,"57,769"
2008,Alabama,6.977238806,"50,761"
2008,Arizona,8.076111111,"53,544"
2008,Arkansas,6.212666667,"45,180"
2008,California,8.654166667,"65,071"
2008,Colorado,4.62421875,"69,556"
2008,Connecticut,5.538541667,"73,823"
2008,Delaware,4.966666667,"57,867"
2008,Hawaii,4.902083333,"70,215"
2008,Idaho,5.372916667,"54,121"
2008,Illinois,6.602042484,"60,780"
2008,Indiana,6.15326087,"53,094"
2008,Iowa,4.387962963,"57,228"
2008,Kansas,4.013730159,"54,643"
2008,Kentucky,7.176388889,"46,963"
2008,Louisiana,5.88828125,"45,154"
2008,Maine,6.2078125,"53,902"
2008,Maryland,4.672916667,"72,715"
2008,Massachusetts,5.433333333,"68,845"
2008,Michigan,8.687550201,"56,824"
2008,Minnesota,5.973563218,"62,687"
2008,Mississippi,7.734756098,"41,597"
2008,Missouri,6.257681159,"52,544"
2008,Montana,5.116220238,"48,963"
2008,Nebraska,3.208870968,"57,897"
2008,Nevada,6.384313725,"62,481"
2008,New Hampshire,3.850833333,"75,528"
2008,New Jersey,5.529365079,"74,535"
2008,New Mexico,4.684090909,"48,052"
2008,New York,5.772983871,"57,592"
2008,North Carolina,6.71725,"48,997"
2008,North Dakota,3.6,"56,645"
2008,Ohio,7.038162879,"53,567"
2008,Oklahoma,3.685064935,"52,627"
2008,Oregon,7.223842593,"59,037"
2008,Pennsylvania,5.705721393,"58,666"
2008,Rhode Island,7.188333333,"60,765"
2008,South Carolina,8.37173913,"48,112"
2008,South Dakota,3.604292929,"58,892"
2008,Tennessee,7.841140351,"45,313"
2008,Utah,4.031034483,"71,375"
2008,Vermont,5.075,"57,872"
2008,Virginia,4.323684211,"70,745"
2008,Washington,6.639102564,"64,634"
2008,West Virginia,4.920151515,"43,363"
2008,Wisconsin,5.412847222,"58,436"
2008,Wyoming,3.157608696,"60,875"
2009,Alabama,13.16616915,"45,789"
2009,Arizona,12.91,"52,385"
2009,Arkansas,8.660555556,"41,847"
2009,California,12.4191092,"64,291"
2009,Colorado,6.5203125,"64,057"
2009,Connecticut,7.721875,"74,274"
2009,Delaware,8.230555556,"59,686"
2009,Hawaii,8.785416667,"63,735"
2009,Idaho,8.803977273,"53,575"
2009,Illinois,9.942973856,"60,552"
2009,Indiana,10.91313406,"50,743"
2009,Iowa,6.794360269,"58,091"
2009,Kansas,5.663968254,"51,215"
2009,Louisiana,7.6453125,"52,035"
2009,Maine,8.982291667,"54,404"
2009,Maryland,7.659375,"73,513"
2009,Massachusetts,8.024404762,"68,000"
2009,Michigan,13.6686747,"52,677"
2009,Minnesota,8.030363985,"64,240"
2009,Mississippi,11.14776423,"40,175"
2009,Missouri,9.276014493,"55,855"
2009,Montana,6.40327381,"46,313"
2009,Nebraska,4.249641577,"56,801"
2009,Nevada,9.53872549,"58,908"
2009,New Hampshire,6.174166667,"73,450"
2009,New Jersey,9.303174603,"74,189"
2009,New Mexico,7.588383838,"49,869"
2009,New York,8.221639785,"57,513"
2009,North Carolina,11.25816667,"47,995"
2009,North Dakota,4.415408805,"57,351"
2009,Ohio,11.65426136,"52,545"
2009,Oklahoma,6.477813853,"52,544"
2009,Oregon,11.68425926,"56,232"
2009,Pennsylvania,8.791293532,"55,172"
2009,Rhode Island,10.20833333,"59,137"
2009,South Carolina,13.27155797,"47,073"
2009,South Dakota,5.175631313,"52,485"
2009,Tennessee,12.50342105,"46,404"
2009,Utah,7.835344828,"66,990"
2009,Vermont,7.113095238,"59,920"
2009,Washington,9.98525641,"69,167"
2009,West Virginia,8.80030303,"46,373"
2009,Wisconsin,9.160763889,"58,682"
2009,Wyoming,6.31557971,"60,094"
2010,Alabama,12.36069652,"46,120"
2010,Arizona,13.06,"52,839"
2010,Arkansas,9.101111111,"43,477"
2010,California,13.89327586,"61,162"
2010,Colorado,8.60859375,"67,866"
2010,Connecticut,8.890625,"74,361"
2010,Delaware,8.563888889,"62,211"
2010,Hawaii,8.272916667,"67,084"
2010,Idaho,9.526136364,"53,012"
2010,Illinois,9.895179739,"57,156"
2010,Indiana,10.7071558,"51,986"
2010,Iowa,6.126430976,"55,227"
2010,Kansas,6.008412698,"51,890"
2010,Kentucky,11.45340278,"46,313"
2010,Louisiana,9.0196875,"44,280"
2010,Maine,8.728125,"54,005"
2010,Maryland,8.502777778,"72,336"
2010,Massachusetts,8.785714286,"68,655"
2010,Michigan,13.35331325,"52,140"
2010,Minnesota,7.683237548,"58,951"
2010,Mississippi,12.0254065,"42,996"
2010,Missouri,10.16115942,"51,623"
2010,Montana,6.588690476,"46,511"
2010,Nebraska,4.32562724,"59,157"
2010,Nevada,12.10833333,"57,688"
2010,New Hampshire,5.796666667,"75,077"
2010,New Jersey,9.950793651,"70,947"
2010,New Mexico,8.71489899,"50,853"
2010,New York,8.611021505,"56,089"
2010,North Carolina,11.71341667,"49,384"
2010,North Dakota,3.977515723,"57,469"
2010,Ohio,11.43181818,"51,701"
2010,Oklahoma,7.162987013,"48,565"
2010,Oregon,11.40231481,"57,014"
2010,Pennsylvania,8.920895522,"54,436"
2010,Rhode Island,10.435,"58,164"
2010,South Carolina,13.15072464,"46,982"
2010,South Dakota,5.249368687,"51,099"
2010,Tennessee,11.31429825,"43,481"
2010,Texas,7.973293963,"53,255"
2010,Utah,8.539367816,"63,886"
2010,Vermont,6.755952381,"63,015"
2010,Virginia,8.480451128,"68,017"
2010,Washington,10.7724359,"63,280"
2010,West Virginia,9.747121212,"48,198"
2010,Wisconsin,9.389467593,"56,731"
2010,Wyoming,6.181884058,"58,816"
2011,Alabama,11.21106965,"46,520"
2011,Arizona,12.21944444,"53,108"
2011,Arkansas,9.302555556,"45,114"
2011,California,13.32570533,"58,292"
2011,Colorado,8.276953125,"64,040"
2011,Connecticut,8.554166667,"71,452"
2011,Delaware,7.725,"59,704"
2011,Hawaii,8.075,"64,496"
2011,Idaho,8.995454545,"51,839"
2011,Illinois,9.077042484,"55,310"
2011,Indiana,9.290036232,"48,547"
2011,Iowa,5.572222222,"54,853"
2011,Kansas,5.617380952,"50,406"
2011,Kentucky,10.49555556,"43,534"
2011,Louisiana,8.933854167,"44,410"
2011,Maine,8.585416667,"54,279"
2011,Maryland,8.096527778,"75,232"
2011,Massachusetts,7.808333333,"69,156"
2011,Michigan,11.38162651,"53,390"
2011,Minnesota,6.852777778,"63,156"
2011,Mississippi,11.50823171,"44,882"
2011,Missouri,9.088985507,"49,998"
2011,Montana,6.491517857,"43,994"
2011,Nebraska,4.078763441,"60,748"
2011,Nevada,11.62696078,"51,384"
2011,New Hampshire,5.39,"71,960"
2011,New Jersey,9.81468254,"68,091"
2011,New Mexico,8.237878788,"45,856"
2011,New York,8.426747312,"55,309"
2011,North Carolina,11.32816667,"49,378"
2011,North Dakota,3.768396226,"61,562"
2011,Ohio,9.763352273,"48,768"
2011,Oklahoma,6.203787879,"52,927"
2011,Oregon,10.59560185,"56,281"
2011,Pennsylvania,8.123258706,"54,516"
2011,Rhode Island,10.28,"53,558"
2011,South Carolina,12.58605072,"43,783"
2011,South Dakota,5.215782828,"51,581"
2011,Tennessee,10.44710526,"46,181"
2011,Texas,7.498293963,"53,573"
2011,Utah,7.592528736,"60,614"
2011,Vermont,6.147619048,"56,648"
2011,Virginia,7.743170426,"68,394"
2011,Washington,10.35149573,"62,096"
2011,West Virginia,8.988939394,"45,680"
2011,Wisconsin,8.468865741,"56,862"
2011,Wyoming,5.627898551,"59,539"
2012,Alabama,9.260572139,"46,490"
2012,Arizona,11.21833333,"50,320"
2012,Arkansas,8.532222222,"41,735"
2012,California,11.63793103,"60,990"
2012,Colorado,7.880598958,"61,242"
2012,Connecticut,8.132291667,"68,720"
2012,Delaware,7.402777778,"52,382"
2012,Hawaii,6.864583333,"60,181"
2012,Idaho,7.857386364,"51,259"
2012,Illinois,8.552941176,"55,340"
2012,Indiana,8.454800725,"49,372"
2012,Iowa,5.027777778,"57,163"
2012,Kansas,5.047222222,"53,485"
2012,Kentucky,9.357222222,"43,947"
2012,Louisiana,8.050173611,"41,806"
2012,Maine,8.188020833,"52,581"
2012,Maryland,7.734722222,"76,838"
2012,Massachusetts,7.185714286,"68,088"
2012,Michigan,10.11626506,"53,498"
2012,Minnesota,5.936111111,"66,098"
2012,Mississippi,10.43597561,"39,192"
2012,Missouri,7.493333333,"53,229"
2012,Montana,5.650892857,"48,227"
2012,Nebraska,3.724731183,"55,830"
2012,Nevada,10.23480392,"50,629"
2012,New Hampshire,5.433333333,"72,541"
2012,New Jersey,9.800396825,"71,336"
2012,New Mexico,7.74520202,"46,448"
2012,New York,8.652688172,"51,000"
2012,North Carolina,10.36766667,"44,446"
2012,North Dakota,3.541981132,"59,649"
2012,Ohio,8.07594697,"47,465"
2012,Oklahoma,5.522943723,"51,778"
2012,Oregon,10.05162037,"55,380"
2012,Pennsylvania,8.004850746,"55,518"
2012,Rhode Island,9.656666667,"59,969"
2012,South Carolina,11.09311594,"47,493"
2012,South Dakota,4.836616162,"52,856"
2012,Tennessee,9.171578947,"45,989"
2012,Texas,6.578458943,"55,542"
2012,Utah,6.352298851,"62,403"
2012,Vermont,5.638690476,"59,452"
2012,Virginia,7.090225564,"69,132"
2012,Washington,9.543803419,"66,517"
2012,West Virginia,8.449848485,"46,586"
2012,Wisconsin,7.660648148,"56,775"
2012,Wyoming,5.199275362,"61,517"
2013,Alabama,8.507587065,"49,876"
2013,Arizona,10.72166667,"55,453"
2013,Arkansas,8.305,"41,503"
2013,California,10.38362069,"64,078"
2013,Colorado,7.093098958,"71,580"
2013,Connecticut,7.55,"73,034"
2013,Delaware,6.927777778,"57,013"
2013,Hawaii,5.4625,"67,705"
2013,Idaho,6.842234848,"51,085"
2013,Illinois,8.910294118,"56,850"
2013,Indiana,7.750452899,"52,126"
2013,Iowa,4.737710438,"63,405"
2013,Kansas,4.691825397,"50,403"
2013,Kentucky,9.451805556,"47,303"
2013,Louisiana,7.673828125,"48,933"
2013,Maine,7.297916667,"57,925"
2013,Maryland,7.298263889,"73,099"
2013,Massachusetts,7.225595238,"65,906"
2013,Michigan,9.983032129,"59,622"
2013,Minnesota,5.452011494,"67,798"
2013,Mississippi,10.20609756,"34,085"
2013,Missouri,7.17173913,"48,804"
2013,Montana,5.31875,"45,534"
2013,Nebraska,3.657437276,"60,735"
2013,Nevada,8.967647059,"54,646"
2013,New Hampshire,4.961666667,"72,831"
2013,New Jersey,8.652777778,"67,198"
2013,New Mexico,7.592676768,"42,336"
2013,New York,7.704435484,"52,665"
2013,North Carolina,8.971083333,"48,840"
2013,North Dakota,3.464622642,"62,347"
2013,Ohio,8.084943182,"53,489"
2013,Oklahoma,5.678030303,"48,655"
2013,Oregon,9.091898148,"51,646"
2013,Pennsylvania,7.695149254,"58,135"
2013,Rhode Island,8.585,"59,365"
2013,South Carolina,9.212862319,"45,916"
2013,South Dakota,4.394065657,"56,298"
2013,Tennessee,9.104561404,"45,703"
2013,Texas,6.110465879,"54,183"
2013,Utah,5.598850575,"64,344"
2013,Vermont,4.967857143,"69,052"
2013,Virginia,6.666729323,"69,467"
2013,Washington,8.765384615,"67,375"
2013,West Virginia,7.683484848,"45,395"
2013,Wisconsin,7.370023148,"54,520"
2013,Wyoming,4.661956522,"71,084"
2014,Alabama,7.917164179,"43,820"
2014,Arizona,9.470555556,"51,050"
2014,Arkansas,6.968,"46,560"
2014,California,8.820258621,"62,693"
2014,Colorado,5.198958333,"63,162"
2014,Connecticut,6.440625,"72,719"
2014,Delaware,5.897222222,"59,619"
2014,Hawaii,4.747916667,"73,820"
2014,Idaho,5.431628788,"55,387"
2014,Illinois,6.951960784,"56,918"
2014,Indiana,5.95615942,"49,812"
2014,Iowa,4.208670034,"59,918"
2014,Kansas,4.022936508,"55,393"
2014,Kentucky,7.565486111,"44,346"
2014,Louisiana,7.244886364,"43,952"
2014,Maine,6.235416667,"53,595"
2014,Maryland,6.435069444,"78,942"
2014,Massachusetts,6.233333333,"65,454"
2014,Michigan,8.327349398,"53,901"
2014,Minnesota,4.759195402,"69,696"
2014,Mississippi,8.973373984,"36,816"
2014,Missouri,6.554130435,"58,695"
2014,Montana,4.677827381,"52,965"
2014,Nebraska,3.094713262,"58,944"
2014,Nevada,7.603431373,"51,694"
2014,New Hampshire,4.233333333,"76,073"
2014,New Jersey,7.195634921,"67,622"
2014,New Mexico,7.327777778,"48,388"
2014,New York,6.31155914,"56,290"
2014,North Carolina,7.0385,"48,490"
2014,North Dakota,3.312421384,"62,944"
2014,Ohio,6.182575758,"51,454"
2014,Oklahoma,4.819805195,"48,920"
2014,Oregon,7.862962963,"61,022"
2014,Pennsylvania,6.109950249,"57,185"
2014,Rhode Island,7.128333333,"60,771"
2014,South Carolina,7.592934783,"46,567"
2014,South Dakota,4.025631313,"54,987"
2014,Tennessee,7.613245614,"45,310"
2014,Texas,4.950590551,"55,839"
2014,Utah,4.767816092,"65,694"
2014,Vermont,4.522619048,"62,922"
2014,Virginia,6.003634085,"68,567"
2014,Washington,7.407692308,"61,222"
2014,West Virginia,7.521666667,"40,994"
2014,Wisconsin,6.014930556,"60,198"
2014,Wyoming,4.12173913,"57,721"
2015,Alabama,7.033084577,"46,053"
2015,Arizona,8.791666667,"54,060"
2015,Arkansas,6.016,"44,282"
2015,California,7.563362069,"65,843"
2015,Colorado,4.026432292,"68,906"
2015,Connecticut,5.489583333,"75,417"
2015,Delaware,5.044444444,"59,759"
2015,Hawaii,3.929166667,"66,751"
2015,Idaho,4.703219697,"53,414"
2015,Illinois,6.155800654,"62,508"
2015,Indiana,4.811865942,"53,786"
2015,Iowa,3.677272727,"62,965"
2015,Kansas,3.956269841,"56,768"
2015,Kentucky,6.513611111,"43,857"
2015,Louisiana,7.374804688,"47,515"
2015,Maine,4.916666667,"52,516"
2015,Maryland,5.778819444,"76,146"
2015,Massachusetts,5.425595238,"70,214"
2015,Michigan,5.939759036,"56,083"
2015,Minnesota,4.351245211,"71,114"
2015,Mississippi,7.719207317,"41,426"
2015,Missouri,5.42326087,"61,249"
2015,Montana,4.288988095,"53,177"
2015,Nebraska,2.877867384,"62,571"
2015,Nevada,6.86127451,"53,812"
2015,New Hampshire,3.4225,"78,299"
2015,New Jersey,6.051587302,"70,728"
2015,New Mexico,7.243434343,"46,684"
2015,New York,5.582258065,"60,017"
2015,North Carolina,6.4425,"52,559"
2015,North Dakota,3.252830189,"59,406"
2015,Ohio,5.314583333,"55,150"
2015,Oklahoma,4.746536797,"48,710"
2015,Oregon,6.55162037,"62,944"
2015,Pennsylvania,5.472636816,"62,483"
2015,Rhode Island,5.528333333,"57,633"
2015,South Carolina,7.039673913,"47,968"
2015,South Dakota,3.656439394,"56,975"
2015,Tennessee,6.737982456,"48,971"
2015,Texas,4.775262467,"58,432"
2015,Utah,4.798563218,"68,556"
2015,Vermont,4.214880952,"61,557"
2015,Virginia,5.14066416,"63,618"
2015,Washington,6.835683761,"69,575"
2015,West Virginia,7.743787879,"44,309"
2015,Wisconsin,5.12662037,"57,347"
2015,Wyoming,4.06884058,"63,038"
2016,Alabama,6.773756219,"48,237"
2016,Arizona,7.732777778,"58,328"
2016,Arkansas,4.656666667,"46,894"
2016,California,6.920219436,"68,070"
2016,Colorado,3.416145833,"72,084"
2016,Connecticut,5.128125,"77,556"
2016,Delaware,4.430555556,"59,294"
2016,Hawaii,3.414583333,"73,684"
2016,Idaho,4.36780303,"57,780"
2016,Illinois,6.280800654,"62,706"
2016,Indiana,4.615851449,"57,300"
2016,Iowa,3.875084175,"60,365"
2016,Kansas,3.978730159,"58,032"
2016,Kentucky,6.358125,"46,345"
2016,Louisiana,7.224414062,"43,103"
2016,Maine,4.24375,"51,950"
2016,Maryland,4.909027778,"75,346"
2016,Massachusetts,4.14047619,"73,820"
2016,Michigan,5.566566265,"58,319"
2016,Minnesota,4.571264368,"71,728"
2016,Mississippi,6.988617886,"41,983"
2016,Missouri,5.079782609,"56,199"
2016,Montana,4.418452381,"58,302"
2016,Nebraska,3.086648746,"60,651"
2016,Nevada,5.946078431,"56,623"
2016,New Hampshire,2.759166667,"77,900"
2016,New Jersey,5.232539683,"69,940"
2016,New Mexico,6.930050505,"49,493"
2016,New York,5.004166667,"62,758"
2016,North Carolina,5.68875,"54,920"
2016,North Dakota,3.505345912,"61,478"
2016,Ohio,5.409848485,"55,146"
2016,Oklahoma,5.304004329,"52,039"
2016,Oregon,5.649537037,"60,407"
2016,Pennsylvania,5.903731343,"62,290"
2016,Rhode Island,4.945,"62,851"
2016,South Carolina,5.945289855,"55,505"
2016,South Dakota,3.198358586,"58,685"
2016,Tennessee,5.419298246,"52,448"
2016,Texas,5.104790026,"59,396"
2016,Utah,4.906896552,"68,932"
2016,Vermont,3.732738095,"62,145"
2016,Virginia,4.630388471,"67,880"
2016,Washington,6.911752137,"71,822"
2016,West Virginia,7.023939394,"45,308"
2016,Wisconsin,4.691087963,"61,103"
2016,Wyoming,4.969927536,"59,073"